Domain Name, Count
1.com,1
1234.com,1
139.com,1
2fa.e-trial.org,2
3capitalpartners.com,1
42v.co,1
5x.e-trial.org,1
72email.com,1
a.com,1
a1.com,1
aarome.org,1
ab.com,1
abc.com,8
abcd.com,5
abctest.com,1
abctesting.com,1
abctestingg.com,1
acacompliancegroup.com,3
accenture.com,1
acsouth.com,1
adcouncil.ae,2
afocapital.com,3
agilitycio.com,1
aim.com,1
akamai.com,2
aksdj.org,1
aksdj.orgg,1
albourne.com,1
alcogal.com,1
aler.e-trial.org,1
alert-e-trial.org,2
alert.-e-trial.org,1
alert.e-trial.com,2
alert.e-trial.org,1081
alert.e.com,1
alet.e-trial.org,1
alexbrown.com,8
alksdf.com,1
allianz.co.demo,1
alpinemanagers.com,1
altivamanagementinc.com,1
anchin.com,1
angelenogroup.com,1
antaeus-ent.com,2
aol.com,15
aon.com,2
aonhewitt.com,3
apexfs.com,1
archdocuments.com,1
ardian.com,5
ardys.com,1
argenttrust.com,1
ascension.org,1
assurant.com,1
astreetinvestments.com,1
aurum.com,1
avego.com,1
aya.yale.edu,1
ayco.com,3
azxckjkencnnc.com,1
b.com,1
bain.com,1
bankatfirst.com,1
bankofamerica.com,1
barbnet.com,4
bardinhill.com,3
barrantys.com,1
bass-net.com,2
basshullc.net,1
bates.edu,1
bbh.com,4
bbrpartners.com,5
bchjdvbjsscn.cbhdjbf,1
bdl.lu,1
belair-llc.com,1
bellsouth.net,1
bettyanddavisfitzgerald.org,1
bfddffi.com,1
bharat.com,1
bharta.com,1
bhi.com,1
bhjfdbjhdd.bfh,1
bigpond.com,1
bigpond.net.au,1
binders.e-trial.org,1
blacklist.e-trial.org,17
blackrock.com,2
blackstone.com,1
blbglaw.com,1
bleichroederlp.com,5
bloomprop.com,1
bluehallcap.com,1
bnymellon.com,9
boettcherfoundation.org,1
boettcherfoundationtest.org,1
bofa.com,2
branding.e-trial.org,1
breakingbad.com,1
brenergroup.com,1
bridgeig.com,6
bso.org,1
burgiss.com,1
burrinvestments.com,1
ca.rr.com,1
caisgroup.com,1
caissallc.com,2
camacte.co.demo,1
camassoc.com,1
cambridgeassociates.com,9
camcassmel.com.au,1
canoeintelligence.com,2
canyonpartners.com,3
captrust.com,2
capwealthinsights.com,1
cathlife.com.tw,2
cbre.com,2
ccfo.com,2
cdc.gov.demo,1
cdfvdfs.cds,1
ceritypartners.com,1
cfgreateratlanta.org,1
cgsh.com,1
chandini.com,1
chartwell.net,2
cherasaro.com,1
citco.com,4
citi.com,3
citrincooperman.com,2
claconnect.com,1
clarabingham.com,1
cna.com,2
coca-cola.com,1
coeli.se,1
cohen.com,1
cohenpv.com,3
collegeforcreativestudies.edu,1
collegiateschool.org,1
comcast.net,10
community.e-trial.org,2
copleyequity.com,1
corporatepensionxyz.com,1
cotterneff.com,1
countyofmerced.com,1
couragecap.com,7
creandum.se,1
creditsuisse.com,1
crescentbayadvisors.com,1
croftoncapital.com,1
crown-chicago.com,2
ctstllc.net,1
cubistsystematic.com,1
cushwake.com,1
customer.com,2
dataservices.blackrock.com,1
davidsoncpa.com,1
dbdj.com,1
dd.com,1
dealcloud.com,1
deerfield.com,1
demo.com,7
destinyfamilyoffice.com,3
dhjoyce.com,2
disciplina.com,3
document.e-trial.org,1
dragoneer.com,2
dsctest.com,4
dstsystems.com,1
dundermifflin.com,3
durablecap.com,1
e-trial.com,2
e-trial.org,3
e-trial.workflow.org,1
earthlink.net,1
ecorp.com,1
edr.com,1
efg.com,1
ei.com,1
einvestor.com,1
eisneramper.com,1
elwoodstaffing.com,1
email.com,43
emails.com,1
emersoncollective.com,1
enbarr.com,1
ensignpeak.org,1
eplp.com,2
equitableco.com,2
erafp.co.fr.demo,1
etvendowment.org,1
example.com,9
example1.com,1
exeloncorp.com,3
f.comm,1
fa.com,1
fa1.com,1
fa2.com,1
fakemail.com,32
farmvet.com,1
fccpas.com,1
feg.com,1
feim.com,1
fertana.com,1
fiallc.com,1
firstrepublic.com,1
fmr.com,2
foiadvisorsllc.com,1
fordfoundation.org,2
fordham.edu,3
forevantage.cvom,1
formanek1.com,1
forumam.com,7
forumcp.com,1
foxmail.com,1
fppaco.org,1
free.fr,1
freegulliver.com,1
freemarkpartners.com,1
freeportfinancial.com,1
fremontgroup.com,1
freyfdn.org,1
ftci.com,1
fuji.com,1
fundadmin.com,1
funds.sa.gov.au,1
g.comm,1
gamil.com,2
gasd.com,1
gcmlp.com,1
ge.com,1
gef.com,1
gemsinvest.com,1
georgetown.edu,2
gibsondunn.com,1
globeop.com,33
gmail..com,2
gmail.com,5790
gmail.com.ilqa,1
gmail.com.ph,1
gmailcom},1
goldentree.com,19
goodgood.com,1
graciecap.com,2
gradypartners.com,1
graypointllc.com,2
greenstorage.ca,1
gs.com,5
gurwin.org,1
gutzwiller.ch,1
hallcapital.com,2
halldata.com,1
hamilton.edu,1
hamiltonlane.com,2
handelsbankenwealth.co.uk,1
harvard.edu.demo,1
harvard.eduuu,1
healthy.com,1
heritage-gp.com,1
heritage-grp.com,2
hfcapital.com,1
hhchealth.org,1
hhmi.org,1
hightoweradvisors.com,1
hoffman.com,1
hotmail.co.uk,2
hotmail.com,41
huntington.com,1
iammansso.e-trial.org,5
iamrestsso.e-trial.org,1
iamuisso.e-trial.org,1
ibpo.com,2
icloud.com,9
ifs.statestreet.com,2
ihsgvi.com,3
iladmin.com,74
ilin.com,1
ilinx.com,5
illinoismuniret.org.demo,1
ilnomail.com,2
ilnx.com,222
ilnx.om,1
ilnx.onmicrosoft.com,1
ilnx.xom,1
ilv.e-trail.org,2198
ilv.e-trial.org,568
imper.com,1
inatrlinks.com,1
inegritynet.biz,2
inetrgitynet.ph,1
infinityfunds.com,1
ingram.com,4
inlx.com,2
intalinks.com,1
intapp.com,3
integlpnet.biz,1
integritybpo.com,1
integritynet.biz,47
integritynet.com,1
integritynet.ph,39
integriytnet.biz,1
internal.tnr,7
intesasanpaolo.com,1
intra.com,1
intralinks.com,697
investor.com,3
investorvision.com,1
investorvision.e-trial.org,2
invus.com,1
iofinance.com,1
iop.com,1
jfedgmw.org,3
jfiejhfierfiejc.com,1
jgfund.com,1
jhancock.com,1
jmb.com,1
jmendes.com.br,1
jpmchase.com,1
jpmorgan.com,11
jrjmgmt.com,1
jsf.bz,1
juno.com,1
kairospartners.com,2
kaufmanrossin.com,1
kipco.com,1
kk.com,1
kleinerperkins.com,5
klinehill.com,1
klllllllllllllllsmmmsennd.com,1
knightonerb.com,1
koroby.com,4
kpcb.com,3
lab-qs.com,1
laksdfjn.com,1
lancashiregroup.com,3
lbmc.com,1
lc.e-trail.org,1
lc.e-trial.org,74
lcgassociates.com,1
lepercq.com,1
littlelaw.com,2
live.ca,1
live.com,1
lmco.com,3
lmequity.com,2
locale.e-trial.org,1
loews.com,2
login.e-trial.org,3
lw.com,3
mac.com,3
mafinancial.com,3
magnitudecapital.com,2
mail.com,5
mailme.com,3
mammothresearch.com,2
maples.com,3
maplestestdomain.com,1
marinerwealthadvisors.com,1
mariusaas.com,6
marquetteassociates.com,6
marylebonepartners.com,1
masterpiecellc.co,1
mastertrust.co.jp,1
mcarronpartners.com,2
me.com,6
me2.com,1
melkoniancapital.com,1
mercer.com,3
mfhllc.com,1
mfsadmin.com,3
mgstover.com,1
miritmo.com,1
ml.com,1
mnab.com,1
moelis.com,49
moelisam.com,3
moelisaustralia.com,3
monarchprivate.com,1
monticelloassociates.com,1
montrusco.com,2
montruscobolton.com,1
morganproperties.com,2
morganstanley.com,23
morganstanleypwm.com,11
moussepartners.com,1
ms.com,8
msgraystone.com,5
msn.com,4
mspapercompany.com,1
mtrustcompany.com,1
nantucketfunds.com,1
nationwideinsurance.com.demo,1
nepc.com,2
netglide.com,1
network.techstars.com,1
newtest.com,1
nexphase.com,5
nitin.com,2
nomail.com,7
nookway.com,1
notmaroon.com,1
ntpp.org.demo,1
ntrs.com,6
nufoundation.org,2
nwtzl.com,1
nybg.org,1
nyc.rr.com,1
oakfordadvisors.com,1
oakhilladvisors.com,2
oakridge.com,1
oaktreecapital.com,1
oddo-bhf.com,1
ofgltd.com,2
ohatest.com,56
ohatest.govt.kw,1
ohatest.org,1
olnx.com,1
opaxinv.com,1
opco.com,1
optonline.net,2
outlook.com,15
overbrook.com,1
p66.com,1
p72.com,1
p72test.com,12
pacificgroup.com,1
paolominocapital.com,1
parksideglobal.com,1
parlux.com,1
paulweiss.com,1
pbucc.org,2
peeriq.com,2
perfectcircle.com,1
pfeffer.org,1
pi.com,1
pictet.com,3
pinabel.com,1
pinehavenfamilyoffice.com,2
pitcairn.com,3
point72.com,9
point72demo.com,2
point72test.com,16
pqr.com,2
pqrs.com,11
precourtcapital.com,1
primebuchholz.com,2
primequadrant.com,1
privatemarketconnect.com,1
propuscapital.com,1
protonmail.com,1
psrsmo.org,1
puffy.com,1
pvp.e-trial.org,21
pvp.etrial.org,2
pwc.com,2
qa.e-tria.org,1
qa.e-trial.org,15
qinvest.com,2
qq.com,1
qwikleaf.com,1
r.com,1
radcliffcompanies.com,2
rampersand.com,2
raymondjames.com,2
rbc.com,4
rcggs.com,4
rcpadvisors.com,1
rdmanagement.com,1
redfox.com,1
redjayassetmanagement.com,1
resig.com,2
resign.co.demo,1
resonaite.ai,3
resonaite.com,2
rguktn.ac.in,1
rj.com,1
rmerkin.com,1
roarkcapital.com,1
rockitco.com,2
rogers.com,2
rogerwood.net,1
ropesgray.com,1
rrpf.com.demo,1
rscapital.com,2
rvcfamilyadvisors.com,1
safgroup.ca,1
saint-gobain.com,4
sanlam.co.za,4
sanlaminvestments.com,9
sass.com,1
sbcglobal.net,1
schillingventures.com,1
schrutefarms.com,1
sdfoundation.org,1
seanet.com,1
seb.sanlam.com,1
seic.com,4
selectequity.com,2
seveneightcapital.com,1
sfamilyinvestments.com,1
sfgov.org,5
sheehancpa.com,1
shell.com,2
shorebridgecapital.com,5
shrutefarms.com,1
shuni.com,1
simonquickadvisors.com,1
sjflumcpa-associates.com,1
skabholmeninvest.se,2
smith.com,1
smonik.com,1
snydercahoon.com,1
soka.edu,1
soliman.com,1
solita.com,1
solovis.com,1
somethinguniqueemailfivechanged.com,450
sp.com,1
sp.com.x,2
sp.test,1
sp.x,1
spa.x,3
spirecapital.com.au,2
springsco.com,3
squarmilner.com,2
sr.com,3100
sre.e-trial.org,1
ss.com,2
sscdirect.com,3
sscinc.com,263
sscinctest.com,1
sscinvest.com,1
ssctech.com,1
sse.com,1
ssinc.com,1
ssnc-corp.global,6
st.com,1
statestreet.com,4
steelecreek.com,1
steinbergshebairo.com,1
stepstoneglobal.com,3
stepstonegroup.com,2
stevefridrich.com,1
stifel.com,1
stoneassocny.com,1
stonebridgeam.com,1
stoneridgeam.com,1
stpis.com,1
stratafs.com,2
summittrail.com,1
suntrust.com,2
synchronoss.com,1
t3wireless.com,1
tacmetest.com,1
taconiccap.com,2
tactest.com,30
tagassoc.com,1
tam-llc.com,1
tarrantmt.com,1
tax.com,8
techmills.us,1
techstars.com,4
tefvdi.com,1
telebright.com,1
test.1,22
test.10,21
test.11,16
test.12,16
test.13,16
test.14,16
test.15,16
test.16,3
test.17,3
test.18,3
test.19,3
test.2,22
test.20,3
test.3,21
test.4,21
test.5,21
test.6,21
test.7,21
test.8,21
test.9,21
test.co,1
test.com,369
test.com.copysfdc,1
test.com1,5
test.com10,4
test.com100,1
test.com1000,1
test.com1001,1
test.com1002,1
test.com1003,1
test.com1004,1
test.com1005,1
test.com1006,1
test.com1007,1
test.com1008,1
test.com1009,1
test.com101,1
test.com1010,1
test.com1011,1
test.com1012,1
test.com1013,1
test.com1014,1
test.com1015,1
test.com1016,1
test.com1017,1
test.com1018,1
test.com1019,1
test.com102,1
test.com1020,1
test.com1021,1
test.com1022,1
test.com1023,1
test.com1024,1
test.com1025,1
test.com1026,1
test.com1027,1
test.com1028,1
test.com1029,1
test.com103,1
test.com1030,1
test.com1031,1
test.com1032,1
test.com1033,1
test.com1034,1
test.com1035,1
test.com1036,1
test.com1037,1
test.com1038,1
test.com1039,1
test.com104,1
test.com1040,1
test.com1041,1
test.com1042,1
test.com1043,1
test.com1044,1
test.com1045,1
test.com1046,1
test.com1047,1
test.com1048,1
test.com1049,1
test.com105,1
test.com1050,1
test.com1051,1
test.com1052,1
test.com1053,1
test.com1054,1
test.com1055,1
test.com1056,1
test.com1057,1
test.com1058,1
test.com1059,1
test.com106,1
test.com1060,1
test.com1061,1
test.com1062,1
test.com1063,1
test.com1064,1
test.com1065,1
test.com107,1
test.com108,1
test.com109,1
test.com11,2
test.com110,1
test.com111,1
test.com112,1
test.com113,1
test.com114,1
test.com115,1
test.com116,1
test.com117,1
test.com118,1
test.com119,1
test.com12,2
test.com120,1
test.com121,1
test.com122,1
test.com123,1
test.com124,1
test.com125,1
test.com126,1
test.com127,1
test.com128,1
test.com129,1
test.com13,2
test.com130,1
test.com131,1
test.com132,1
test.com133,1
test.com134,1
test.com135,1
test.com136,1
test.com137,1
test.com138,1
test.com139,1
test.com14,2
test.com140,1
test.com141,1
test.com142,1
test.com143,1
test.com144,1
test.com145,1
test.com146,1
test.com147,1
test.com148,1
test.com149,1
test.com15,2
test.com150,1
test.com151,1
test.com152,1
test.com153,1
test.com154,1
test.com155,1
test.com156,1
test.com157,1
test.com158,1
test.com159,1
test.com16,2
test.com160,1
test.com161,1
test.com162,1
test.com163,1
test.com164,1
test.com165,1
test.com166,1
test.com167,1
test.com168,1
test.com169,1
test.com17,2
test.com170,1
test.com171,1
test.com172,1
test.com173,1
test.com174,1
test.com175,1
test.com176,1
test.com177,1
test.com178,1
test.com179,1
test.com18,2
test.com180,1
test.com181,1
test.com182,1
test.com183,1
test.com184,1
test.com185,1
test.com186,1
test.com187,1
test.com188,1
test.com189,1
test.com19,2
test.com190,1
test.com191,1
test.com192,1
test.com193,1
test.com194,1
test.com195,1
test.com196,1
test.com197,1
test.com198,1
test.com199,1
test.com2,4
test.com20,2
test.com200,1
test.com201,1
test.com202,1
test.com203,1
test.com204,1
test.com205,1
test.com206,1
test.com207,1
test.com208,1
test.com209,1
test.com21,2
test.com210,1
test.com211,1
test.com212,1
test.com213,1
test.com214,1
test.com215,1
test.com216,1
test.com217,1
test.com218,1
test.com219,1
test.com22,2
test.com220,1
test.com221,1
test.com222,1
test.com223,1
test.com224,1
test.com225,1
test.com226,1
test.com227,1
test.com228,1
test.com229,1
test.com23,2
test.com230,1
test.com231,1
test.com232,1
test.com233,1
test.com234,1
test.com235,1
test.com236,1
test.com237,1
test.com238,1
test.com239,1
test.com24,2
test.com240,1
test.com241,1
test.com242,1
test.com243,1
test.com244,1
test.com245,1
test.com246,1
test.com247,1
test.com248,1
test.com249,1
test.com25,2
test.com250,1
test.com251,1
test.com252,1
test.com253,1
test.com254,1
test.com255,1
test.com256,1
test.com257,1
test.com258,1
test.com259,1
test.com26,2
test.com260,1
test.com261,1
test.com262,1
test.com263,1
test.com264,1
test.com265,1
test.com266,1
test.com267,1
test.com268,1
test.com269,1
test.com27,2
test.com270,1
test.com271,1
test.com272,1
test.com273,1
test.com274,1
test.com275,1
test.com276,1
test.com277,1
test.com278,1
test.com279,1
test.com28,2
test.com280,1
test.com281,1
test.com282,1
test.com283,1
test.com284,1
test.com285,1
test.com286,1
test.com287,1
test.com288,1
test.com289,1
test.com29,2
test.com290,1
test.com291,1
test.com292,1
test.com293,1
test.com294,1
test.com295,1
test.com296,1
test.com297,1
test.com298,1
test.com299,1
test.com3,4
test.com30,1
test.com300,1
test.com301,1
test.com302,1
test.com303,1
test.com304,1
test.com305,1
test.com306,1
test.com307,1
test.com308,1
test.com309,1
test.com31,1
test.com310,1
test.com311,1
test.com312,1
test.com313,1
test.com314,1
test.com315,1
test.com316,1
test.com317,1
test.com318,1
test.com319,1
test.com32,1
test.com320,1
test.com321,1
test.com322,1
test.com323,1
test.com324,1
test.com325,1
test.com326,1
test.com327,1
test.com328,1
test.com329,1
test.com33,1
test.com330,1
test.com331,1
test.com332,1
test.com333,1
test.com334,1
test.com335,1
test.com336,1
test.com337,1
test.com338,1
test.com339,1
test.com34,1
test.com340,1
test.com341,1
test.com342,1
test.com343,1
test.com344,1
test.com345,1
test.com346,1
test.com347,1
test.com348,1
test.com349,1
test.com35,1
test.com350,1
test.com351,1
test.com352,1
test.com353,1
test.com354,1
test.com355,1
test.com356,1
test.com357,1
test.com358,1
test.com359,1
test.com36,1
test.com360,1
test.com361,1
test.com362,1
test.com363,1
test.com364,1
test.com365,1
test.com366,1
test.com367,1
test.com368,1
test.com369,1
test.com37,1
test.com370,1
test.com371,1
test.com372,1
test.com373,1
test.com374,1
test.com375,1
test.com376,1
test.com377,1
test.com378,1
test.com379,1
test.com38,1
test.com380,1
test.com381,1
test.com382,1
test.com383,1
test.com384,1
test.com385,1
test.com386,1
test.com387,1
test.com388,1
test.com389,1
test.com39,1
test.com390,1
test.com391,1
test.com392,1
test.com393,1
test.com394,1
test.com395,1
test.com396,1
test.com397,1
test.com398,1
test.com399,1
test.com4,4
test.com40,1
test.com400,1
test.com401,1
test.com402,1
test.com403,1
test.com404,1
test.com405,1
test.com406,1
test.com407,1
test.com408,1
test.com409,1
test.com41,1
test.com410,1
test.com411,1
test.com412,1
test.com413,1
test.com414,1
test.com415,1
test.com416,1
test.com417,1
test.com418,1
test.com419,1
test.com42,1
test.com420,1
test.com421,1
test.com422,1
test.com423,1
test.com424,1
test.com425,1
test.com426,1
test.com427,1
test.com428,1
test.com429,1
test.com43,1
test.com430,1
test.com431,1
test.com432,1
test.com433,1
test.com434,1
test.com435,1
test.com436,1
test.com437,1
test.com438,1
test.com439,1
test.com44,1
test.com440,1
test.com441,1
test.com442,1
test.com443,1
test.com444,1
test.com445,1
test.com446,1
test.com447,1
test.com448,1
test.com449,1
test.com45,1
test.com450,1
test.com451,1
test.com452,1
test.com453,1
test.com454,1
test.com455,1
test.com456,1
test.com457,1
test.com458,1
test.com459,1
test.com46,1
test.com460,1
test.com461,1
test.com462,1
test.com463,1
test.com464,1
test.com465,1
test.com466,1
test.com467,1
test.com468,1
test.com469,1
test.com47,1
test.com470,1
test.com471,1
test.com472,1
test.com473,1
test.com474,1
test.com475,1
test.com476,1
test.com477,1
test.com478,1
test.com479,1
test.com48,1
test.com480,1
test.com481,1
test.com482,1
test.com483,1
test.com484,1
test.com485,1
test.com486,1
test.com487,1
test.com488,1
test.com489,1
test.com49,1
test.com490,1
test.com491,1
test.com492,1
test.com493,1
test.com494,1
test.com495,1
test.com496,1
test.com497,1
test.com498,1
test.com499,1
test.com5,4
test.com50,1
test.com500,1
test.com501,1
test.com502,1
test.com503,1
test.com504,1
test.com505,1
test.com506,1
test.com507,1
test.com508,1
test.com509,1
test.com51,1
test.com510,1
test.com511,1
test.com512,1
test.com513,1
test.com514,1
test.com515,1
test.com516,1
test.com517,1
test.com518,1
test.com519,1
test.com52,1
test.com520,1
test.com521,1
test.com522,1
test.com523,1
test.com524,1
test.com525,1
test.com526,1
test.com527,1
test.com528,1
test.com529,1
test.com53,1
test.com530,1
test.com531,1
test.com532,1
test.com533,1
test.com534,1
test.com535,1
test.com536,1
test.com537,1
test.com538,1
test.com539,1
test.com54,1
test.com540,1
test.com541,1
test.com542,1
test.com543,1
test.com544,1
test.com545,1
test.com546,1
test.com547,1
test.com548,1
test.com549,1
test.com55,1
test.com550,1
test.com551,1
test.com552,1
test.com553,1
test.com554,1
test.com555,1
test.com556,1
test.com557,1
test.com558,1
test.com559,1
test.com56,1
test.com560,1
test.com561,1
test.com562,1
test.com563,1
test.com564,1
test.com565,1
test.com566,1
test.com567,1
test.com568,1
test.com569,1
test.com57,1
test.com570,1
test.com571,1
test.com572,1
test.com573,1
test.com574,1
test.com575,1
test.com576,1
test.com577,1
test.com578,1
test.com579,1
test.com58,1
test.com580,1
test.com581,1
test.com582,1
test.com583,1
test.com584,1
test.com585,1
test.com586,1
test.com587,1
test.com588,1
test.com589,1
test.com59,1
test.com590,1
test.com591,1
test.com592,1
test.com593,1
test.com594,1
test.com595,1
test.com596,1
test.com597,1
test.com598,1
test.com599,1
test.com6,4
test.com60,1
test.com600,1
test.com601,1
test.com602,1
test.com603,1
test.com604,1
test.com605,1
test.com606,1
test.com607,1
test.com608,1
test.com609,1
test.com61,1
test.com610,1
test.com611,1
test.com612,1
test.com613,1
test.com614,1
test.com615,1
test.com616,1
test.com617,1
test.com618,1
test.com619,1
test.com62,1
test.com620,1
test.com621,1
test.com622,1
test.com623,1
test.com624,1
test.com625,1
test.com626,1
test.com627,1
test.com628,1
test.com629,1
test.com63,1
test.com630,1
test.com631,1
test.com632,1
test.com633,1
test.com634,1
test.com635,1
test.com636,1
test.com637,1
test.com638,1
test.com639,1
test.com64,1
test.com640,1
test.com641,1
test.com642,1
test.com643,1
test.com644,1
test.com645,1
test.com646,1
test.com647,1
test.com648,1
test.com649,1
test.com65,1
test.com650,1
test.com651,1
test.com652,1
test.com653,1
test.com654,1
test.com655,1
test.com656,1
test.com657,1
test.com658,1
test.com659,1
test.com66,1
test.com660,1
test.com661,1
test.com662,1
test.com663,1
test.com664,1
test.com665,1
test.com666,1
test.com667,1
test.com668,1
test.com669,1
test.com67,1
test.com670,1
test.com671,1
test.com672,1
test.com673,1
test.com674,1
test.com675,1
test.com676,1
test.com677,1
test.com678,1
test.com679,1
test.com68,1
test.com680,1
test.com681,1
test.com682,1
test.com683,1
test.com684,1
test.com685,1
test.com686,1
test.com687,1
test.com688,1
test.com689,1
test.com69,1
test.com690,1
test.com691,1
test.com692,1
test.com693,1
test.com694,1
test.com695,1
test.com696,1
test.com697,1
test.com698,1
test.com699,1
test.com7,4
test.com70,1
test.com700,1
test.com701,1
test.com702,1
test.com703,1
test.com704,1
test.com705,1
test.com706,1
test.com707,1
test.com708,1
test.com709,1
test.com71,1
test.com710,1
test.com711,1
test.com712,1
test.com713,1
test.com714,1
test.com715,1
test.com716,1
test.com717,1
test.com718,1
test.com719,1
test.com72,1
test.com720,1
test.com721,1
test.com722,1
test.com723,1
test.com724,1
test.com725,1
test.com726,1
test.com727,1
test.com728,1
test.com729,1
test.com73,1
test.com730,1
test.com731,1
test.com732,1
test.com733,1
test.com734,1
test.com735,1
test.com736,1
test.com737,1
test.com738,1
test.com739,1
test.com74,1
test.com740,1
test.com741,1
test.com742,1
test.com743,1
test.com744,1
test.com745,1
test.com746,1
test.com747,1
test.com748,1
test.com749,1
test.com75,1
test.com750,1
test.com751,1
test.com752,1
test.com753,1
test.com754,1
test.com755,1
test.com756,1
test.com757,1
test.com758,1
test.com759,1
test.com76,1
test.com760,1
test.com761,1
test.com762,1
test.com763,1
test.com764,1
test.com765,1
test.com766,1
test.com767,1
test.com768,1
test.com769,1
test.com77,1
test.com770,1
test.com771,1
test.com772,1
test.com773,1
test.com774,1
test.com775,1
test.com776,1
test.com777,1
test.com778,1
test.com779,1
test.com78,1
test.com780,1
test.com781,1
test.com782,1
test.com783,1
test.com784,1
test.com785,1
test.com786,1
test.com787,1
test.com788,1
test.com789,1
test.com79,1
test.com790,1
test.com791,1
test.com792,1
test.com793,1
test.com794,1
test.com795,1
test.com796,1
test.com797,1
test.com798,1
test.com799,1
test.com8,4
test.com80,1
test.com800,1
test.com801,1
test.com802,1
test.com803,1
test.com804,1
test.com805,1
test.com806,1
test.com807,1
test.com808,1
test.com809,1
test.com81,1
test.com810,1
test.com811,1
test.com812,1
test.com813,1
test.com814,1
test.com815,1
test.com816,1
test.com817,1
test.com818,1
test.com819,1
test.com82,1
test.com820,1
test.com821,1
test.com822,1
test.com823,1
test.com824,1
test.com825,1
test.com826,1
test.com827,1
test.com828,1
test.com829,1
test.com83,1
test.com830,1
test.com831,1
test.com832,1
test.com833,1
test.com834,1
test.com835,1
test.com836,1
test.com837,1
test.com838,1
test.com839,1
test.com84,1
test.com840,1
test.com841,1
test.com842,1
test.com843,1
test.com844,1
test.com845,1
test.com846,1
test.com847,1
test.com848,1
test.com849,1
test.com85,1
test.com850,1
test.com851,1
test.com852,1
test.com853,1
test.com854,1
test.com855,1
test.com856,1
test.com857,1
test.com858,1
test.com859,1
test.com86,1
test.com860,1
test.com861,1
test.com862,1
test.com863,1
test.com864,1
test.com865,1
test.com866,1
test.com867,1
test.com868,1
test.com869,1
test.com87,1
test.com870,1
test.com871,1
test.com872,1
test.com873,1
test.com874,1
test.com875,1
test.com876,1
test.com877,1
test.com878,1
test.com879,1
test.com88,1
test.com880,1
test.com881,1
test.com882,1
test.com883,1
test.com884,1
test.com885,1
test.com886,1
test.com887,1
test.com888,1
test.com889,1
test.com89,1
test.com890,1
test.com891,1
test.com892,1
test.com893,1
test.com894,1
test.com895,1
test.com896,1
test.com897,1
test.com898,1
test.com899,1
test.com9,4
test.com90,1
test.com900,1
test.com901,1
test.com902,1
test.com903,1
test.com904,1
test.com905,1
test.com906,1
test.com907,1
test.com908,1
test.com909,1
test.com91,1
test.com910,1
test.com911,1
test.com912,1
test.com913,1
test.com914,1
test.com915,1
test.com916,1
test.com917,1
test.com918,1
test.com919,1
test.com92,1
test.com920,1
test.com921,1
test.com922,1
test.com923,1
test.com924,1
test.com925,1
test.com926,1
test.com927,1
test.com928,1
test.com929,1
test.com93,1
test.com930,1
test.com931,1
test.com932,1
test.com933,1
test.com934,1
test.com935,1
test.com936,1
test.com937,1
test.com938,1
test.com939,1
test.com94,1
test.com940,1
test.com941,1
test.com942,1
test.com943,1
test.com944,1
test.com945,1
test.com946,1
test.com947,1
test.com948,1
test.com949,1
test.com95,1
test.com950,1
test.com951,1
test.com952,1
test.com953,1
test.com954,1
test.com955,1
test.com956,1
test.com957,1
test.com958,1
test.com959,1
test.com96,1
test.com960,1
test.com961,1
test.com962,1
test.com963,1
test.com964,1
test.com965,1
test.com966,1
test.com967,1
test.com968,1
test.com969,1
test.com97,1
test.com970,1
test.com971,1
test.com972,1
test.com973,1
test.com974,1
test.com975,1
test.com976,1
test.com977,1
test.com978,1
test.com979,1
test.com98,1
test.com980,1
test.com981,1
test.com982,1
test.com983,1
test.com984,1
test.com985,1
test.com986,1
test.com987,1
test.com988,1
test.com989,1
test.com99,1
test.com990,1
test.com991,1
test.com992,1
test.com993,1
test.com994,1
test.com995,1
test.com996,1
test.com997,1
test.com998,1
test.com999,1
test.cpm,1
test.investments,1
test.longdomain,1
test.longerdomainname,1
test.org,1
test.sagaciou-wms,1
test.ssncfa1,1
test.ssncfa11,1
test.ssncfa12,1
test.ssncfa13,1
test.ssncfa14,1
test.ssncfa15,1
test.ssncfa16,1
test.ssncfa2,1
test.ssncfa3,1
test.ssncfa4,1
test.ssncfa5,1
test.statestreet,1
test1.com,3
test1123.com,1
test2.com,1
testaaf.com,1
testemail.com,2
testermail.com,1
testeronico.com,1
testing.com,9
testjpmc.com,2
testmail.com,1
testt.com,1
testt.com1,1
testtest.com,1
testuse.com,1
tet.com,1
texasbook.com,1
tfff.org,2
tfotest.com,22
theborcks.com,1
theiet.org,1
thepsg.com,2
thirdpoint.com,8
tonkawa.com,4
transamericalife.com.demo,1
travelers.com,6
trtc.org,1
ttiinc.com,1
ua.edu,1
uat.com,2
ubp.ch,2
ubp.com,1
ubs.com,5
uky.edu,3
umfia.org,1
unitedgulf.com,2
untracht.com,1
uottawa.ca,1
us.gt.com,1
us04.com,1
usbank.com,3
useer.123,1
user-1.com,1
user.1,4
user.2,2
user.21,1
user.3,1
user.4,1
user.5,1
user.a,1
user.co1,2
user.co10,1
user.co101,1
user.co102,1
user.co103,1
user.co104,1
user.co11,1
user.co12,1
user.co13,1
user.co14,1
user.co15,1
user.co16,1
user.co17,1
user.co18,1
user.co19,1
user.co2,2
user.co20,1
user.co21,1
user.co22,1
user.co23,1
user.co24,1
user.co25,1
user.co26,1
user.co27,1
user.co28,1
user.co29,1
user.co3,2
user.co31,1
user.co4,2
user.co5,2
user.co6,2
user.co7,2
user.co8,1
user.co9,1
user.com,12
user.com1,1
user.com10,1
user.com100,1
user.com1000,1
user.com101,1
user.com102,1
user.com103,1
user.com104,1
user.com105,1
user.com106,1
user.com107,1
user.com108,1
user.com109,1
user.com11,1
user.com110,1
user.com111,1
user.com112,1
user.com113,1
user.com114,1
user.com115,1
user.com116,1
user.com117,1
user.com118,1
user.com119,1
user.com12,1
user.com120,1
user.com121,1
user.com122,1
user.com123,1
user.com124,1
user.com125,1
user.com126,1
user.com127,1
user.com128,1
user.com129,1
user.com13,1
user.com130,1
user.com131,1
user.com132,1
user.com133,1
user.com134,1
user.com135,1
user.com136,1
user.com137,1
user.com138,1
user.com139,1
user.com14,1
user.com140,1
user.com141,1
user.com142,1
user.com143,1
user.com144,1
user.com145,1
user.com146,1
user.com147,1
user.com148,1
user.com149,1
user.com15,1
user.com150,1
user.com151,1
user.com152,1
user.com153,1
user.com154,1
user.com155,1
user.com156,1
user.com157,1
user.com158,1
user.com159,1
user.com16,1
user.com160,1
user.com161,1
user.com162,1
user.com163,1
user.com164,1
user.com165,1
user.com166,1
user.com167,1
user.com168,1
user.com169,1
user.com17,1
user.com170,1
user.com171,1
user.com172,1
user.com173,1
user.com174,1
user.com175,1
user.com176,1
user.com177,1
user.com178,1
user.com179,1
user.com18,1
user.com180,1
user.com181,1
user.com182,1
user.com183,1
user.com184,1
user.com185,1
user.com186,1
user.com187,1
user.com188,1
user.com189,1
user.com19,1
user.com190,1
user.com191,1
user.com192,1
user.com193,1
user.com194,1
user.com195,1
user.com196,1
user.com197,1
user.com198,1
user.com199,1
user.com2,1
user.com20,1
user.com200,1
user.com201,1
user.com202,1
user.com203,1
user.com204,1
user.com205,1
user.com206,1
user.com207,1
user.com208,1
user.com209,1
user.com21,1
user.com210,1
user.com211,1
user.com212,1
user.com213,1
user.com214,1
user.com215,1
user.com216,1
user.com217,1
user.com218,1
user.com219,1
user.com22,1
user.com220,1
user.com221,1
user.com222,1
user.com223,1
user.com224,1
user.com225,1
user.com226,1
user.com227,1
user.com228,1
user.com229,1
user.com23,1
user.com230,1
user.com231,1
user.com232,1
user.com233,1
user.com234,1
user.com235,1
user.com236,1
user.com237,1
user.com238,1
user.com239,1
user.com24,1
user.com240,1
user.com241,1
user.com242,1
user.com243,1
user.com244,1
user.com245,1
user.com246,1
user.com247,1
user.com248,1
user.com249,1
user.com25,1
user.com250,1
user.com251,1
user.com252,1
user.com253,1
user.com254,1
user.com255,1
user.com256,1
user.com257,1
user.com258,1
user.com259,1
user.com26,1
user.com260,1
user.com261,1
user.com262,1
user.com263,1
user.com264,1
user.com265,1
user.com266,1
user.com267,1
user.com268,1
user.com269,1
user.com27,1
user.com270,1
user.com271,1
user.com272,1
user.com273,1
user.com274,1
user.com275,1
user.com276,1
user.com277,1
user.com278,1
user.com279,1
user.com28,1
user.com280,1
user.com281,1
user.com282,1
user.com283,1
user.com284,1
user.com285,1
user.com286,1
user.com287,1
user.com288,1
user.com289,1
user.com29,1
user.com290,1
user.com291,1
user.com292,1
user.com293,1
user.com294,1
user.com295,1
user.com296,1
user.com297,1
user.com298,1
user.com299,1
user.com3,1
user.com30,1
user.com300,1
user.com301,1
user.com302,1
user.com303,1
user.com304,1
user.com305,1
user.com306,1
user.com307,1
user.com308,1
user.com309,1
user.com31,1
user.com310,1
user.com311,1
user.com312,1
user.com313,1
user.com314,1
user.com315,1
user.com316,1
user.com317,1
user.com318,1
user.com319,1
user.com32,1
user.com320,1
user.com321,1
user.com322,1
user.com323,1
user.com324,1
user.com325,1
user.com326,1
user.com327,1
user.com328,1
user.com329,1
user.com33,1
user.com330,1
user.com331,1
user.com332,1
user.com333,1
user.com334,1
user.com335,1
user.com336,1
user.com337,1
user.com338,1
user.com339,1
user.com34,1
user.com340,1
user.com341,1
user.com342,1
user.com343,1
user.com344,1
user.com345,1
user.com346,1
user.com347,1
user.com348,1
user.com349,1
user.com35,1
user.com350,1
user.com351,1
user.com352,1
user.com353,1
user.com354,1
user.com355,1
user.com356,1
user.com357,1
user.com358,1
user.com359,1
user.com36,1
user.com360,1
user.com361,1
user.com362,1
user.com363,1
user.com364,1
user.com365,1
user.com366,1
user.com367,1
user.com368,1
user.com369,1
user.com37,1
user.com370,1
user.com371,1
user.com372,1
user.com373,1
user.com374,1
user.com375,1
user.com376,1
user.com377,1
user.com378,1
user.com379,1
user.com38,1
user.com380,1
user.com381,1
user.com382,1
user.com383,1
user.com384,1
user.com385,1
user.com386,1
user.com387,1
user.com388,1
user.com389,1
user.com39,1
user.com390,1
user.com391,1
user.com392,1
user.com393,1
user.com394,1
user.com395,1
user.com396,1
user.com397,1
user.com398,1
user.com399,1
user.com4,1
user.com40,1
user.com400,1
user.com401,1
user.com402,1
user.com403,1
user.com404,1
user.com405,1
user.com406,1
user.com407,1
user.com408,1
user.com409,1
user.com41,1
user.com410,1
user.com411,1
user.com412,1
user.com413,1
user.com414,1
user.com415,1
user.com416,1
user.com417,1
user.com418,1
user.com419,1
user.com42,1
user.com420,1
user.com421,1
user.com422,1
user.com423,1
user.com424,1
user.com425,1
user.com426,1
user.com427,1
user.com428,1
user.com429,1
user.com43,1
user.com430,1
user.com431,1
user.com432,1
user.com433,1
user.com434,1
user.com435,1
user.com436,1
user.com437,1
user.com438,1
user.com439,1
user.com44,1
user.com440,1
user.com441,1
user.com442,1
user.com443,1
user.com444,1
user.com445,1
user.com446,1
user.com447,1
user.com448,1
user.com449,1
user.com45,1
user.com450,1
user.com451,1
user.com452,1
user.com453,1
user.com454,1
user.com455,1
user.com456,1
user.com457,1
user.com458,1
user.com459,1
user.com46,1
user.com460,1
user.com461,1
user.com462,1
user.com463,1
user.com464,1
user.com465,1
user.com466,1
user.com467,1
user.com468,1
user.com469,1
user.com47,1
user.com470,1
user.com471,1
user.com472,1
user.com473,1
user.com474,1
user.com475,1
user.com476,1
user.com477,1
user.com478,1
user.com479,1
user.com48,1
user.com480,1
user.com481,1
user.com482,1
user.com483,1
user.com484,1
user.com485,1
user.com486,1
user.com487,1
user.com488,1
user.com489,1
user.com49,1
user.com490,1
user.com491,1
user.com492,1
user.com493,1
user.com494,1
user.com495,1
user.com496,1
user.com497,1
user.com498,1
user.com499,1
user.com5,1
user.com50,1
user.com500,1
user.com501,1
user.com502,1
user.com503,1
user.com504,1
user.com505,1
user.com506,1
user.com507,1
user.com508,1
user.com509,1
user.com51,1
user.com510,1
user.com511,1
user.com512,1
user.com513,1
user.com514,1
user.com515,1
user.com516,1
user.com517,1
user.com518,1
user.com519,1
user.com52,1
user.com520,1
user.com521,1
user.com522,1
user.com523,1
user.com524,1
user.com525,1
user.com526,1
user.com527,1
user.com528,1
user.com529,1
user.com53,1
user.com530,1
user.com531,1
user.com532,1
user.com533,1
user.com534,1
user.com535,1
user.com536,1
user.com537,1
user.com538,1
user.com539,1
user.com54,1
user.com540,1
user.com541,1
user.com542,1
user.com543,1
user.com544,1
user.com545,1
user.com546,1
user.com547,1
user.com548,1
user.com549,1
user.com55,1
user.com550,1
user.com551,1
user.com552,1
user.com553,1
user.com554,1
user.com555,1
user.com556,1
user.com557,1
user.com558,1
user.com559,1
user.com56,1
user.com560,1
user.com561,1
user.com562,1
user.com563,1
user.com564,1
user.com565,1
user.com566,1
user.com567,1
user.com568,1
user.com569,1
user.com57,1
user.com570,1
user.com571,1
user.com572,1
user.com573,1
user.com574,1
user.com575,1
user.com576,1
user.com577,1
user.com578,1
user.com579,1
user.com58,1
user.com580,1
user.com581,1
user.com582,1
user.com583,1
user.com584,1
user.com585,1
user.com586,1
user.com587,1
user.com588,1
user.com589,1
user.com59,1
user.com590,1
user.com591,1
user.com592,1
user.com593,1
user.com594,1
user.com595,1
user.com596,1
user.com597,1
user.com598,1
user.com599,1
user.com6,1
user.com60,1
user.com600,1
user.com601,1
user.com602,1
user.com603,1
user.com604,1
user.com605,1
user.com606,1
user.com607,1
user.com608,1
user.com609,1
user.com61,1
user.com610,1
user.com611,1
user.com612,1
user.com613,1
user.com614,1
user.com615,1
user.com616,1
user.com617,1
user.com618,1
user.com619,1
user.com62,1
user.com620,1
user.com621,1
user.com622,1
user.com623,1
user.com624,1
user.com625,1
user.com626,1
user.com627,1
user.com628,1
user.com629,1
user.com63,1
user.com630,1
user.com631,1
user.com632,1
user.com633,1
user.com634,1
user.com635,1
user.com636,1
user.com637,1
user.com638,1
user.com639,1
user.com64,1
user.com640,1
user.com641,1
user.com642,1
user.com643,1
user.com644,1
user.com645,1
user.com646,1
user.com647,1
user.com648,1
user.com649,1
user.com65,1
user.com650,1
user.com651,1
user.com652,1
user.com653,1
user.com654,1
user.com655,1
user.com656,1
user.com657,1
user.com658,1
user.com659,1
user.com66,1
user.com660,1
user.com661,1
user.com662,1
user.com663,1
user.com664,1
user.com665,1
user.com666,1
user.com667,1
user.com668,1
user.com669,1
user.com67,1
user.com670,1
user.com671,1
user.com672,1
user.com673,1
user.com674,1
user.com675,1
user.com676,1
user.com677,1
user.com678,1
user.com679,1
user.com68,1
user.com680,1
user.com681,1
user.com682,1
user.com683,1
user.com684,1
user.com685,1
user.com686,1
user.com687,1
user.com688,1
user.com689,1
user.com69,1
user.com690,1
user.com691,1
user.com692,1
user.com693,1
user.com694,1
user.com695,1
user.com696,1
user.com697,1
user.com698,1
user.com699,1
user.com7,1
user.com70,1
user.com700,1
user.com701,1
user.com702,1
user.com703,1
user.com704,1
user.com705,1
user.com706,1
user.com707,1
user.com708,1
user.com709,1
user.com71,1
user.com710,1
user.com711,1
user.com712,1
user.com713,1
user.com714,1
user.com715,1
user.com716,1
user.com717,1
user.com718,1
user.com719,1
user.com72,1
user.com720,1
user.com721,1
user.com722,1
user.com723,1
user.com724,1
user.com725,1
user.com726,1
user.com727,1
user.com728,1
user.com729,1
user.com73,1
user.com730,1
user.com731,1
user.com732,1
user.com733,1
user.com734,1
user.com735,1
user.com736,1
user.com737,1
user.com738,1
user.com739,1
user.com74,1
user.com740,1
user.com741,1
user.com742,1
user.com743,1
user.com744,1
user.com745,1
user.com746,1
user.com747,1
user.com748,1
user.com749,1
user.com75,1
user.com750,1
user.com751,1
user.com752,1
user.com753,1
user.com754,1
user.com755,1
user.com756,1
user.com757,1
user.com758,1
user.com759,1
user.com76,1
user.com760,1
user.com761,1
user.com762,1
user.com763,1
user.com764,1
user.com765,1
user.com766,1
user.com767,1
user.com768,1
user.com769,1
user.com77,1
user.com770,1
user.com771,1
user.com772,1
user.com773,1
user.com774,1
user.com775,1
user.com776,1
user.com777,1
user.com778,1
user.com779,1
user.com78,1
user.com780,1
user.com781,1
user.com782,1
user.com783,1
user.com784,1
user.com785,1
user.com786,1
user.com787,1
user.com788,1
user.com789,1
user.com79,1
user.com790,1
user.com791,1
user.com792,1
user.com793,1
user.com794,1
user.com795,1
user.com796,1
user.com797,1
user.com798,1
user.com799,1
user.com8,1
user.com80,1
user.com800,1
user.com801,1
user.com802,1
user.com803,1
user.com804,1
user.com805,1
user.com806,1
user.com807,1
user.com808,1
user.com809,1
user.com81,1
user.com810,1
user.com811,1
user.com812,1
user.com813,1
user.com814,1
user.com815,1
user.com816,1
user.com817,1
user.com818,1
user.com819,1
user.com82,1
user.com820,1
user.com821,1
user.com822,1
user.com823,1
user.com824,1
user.com825,1
user.com826,1
user.com827,1
user.com828,1
user.com829,1
user.com83,1
user.com830,1
user.com831,1
user.com832,1
user.com833,1
user.com834,1
user.com835,1
user.com836,1
user.com837,1
user.com838,1
user.com839,1
user.com84,1
user.com840,1
user.com841,1
user.com842,1
user.com843,1
user.com844,1
user.com845,1
user.com846,1
user.com847,1
user.com848,1
user.com849,1
user.com85,1
user.com850,1
user.com851,1
user.com852,1
user.com853,1
user.com854,1
user.com855,1
user.com856,1
user.com857,1
user.com858,1
user.com859,1
user.com86,1
user.com860,1
user.com861,1
user.com862,1
user.com863,1
user.com864,1
user.com865,1
user.com866,1
user.com867,1
user.com868,1
user.com869,1
user.com87,1
user.com870,1
user.com871,1
user.com872,1
user.com873,1
user.com874,1
user.com875,1
user.com876,1
user.com877,1
user.com878,1
user.com879,1
user.com88,1
user.com880,1
user.com881,1
user.com882,1
user.com883,1
user.com884,1
user.com885,1
user.com886,1
user.com887,1
user.com888,1
user.com889,1
user.com89,1
user.com890,1
user.com891,1
user.com892,1
user.com893,1
user.com894,1
user.com895,1
user.com896,1
user.com897,1
user.com898,1
user.com899,1
user.com9,1
user.com90,1
user.com900,1
user.com901,1
user.com902,1
user.com903,1
user.com904,1
user.com905,1
user.com906,1
user.com907,1
user.com908,1
user.com909,1
user.com91,1
user.com910,1
user.com911,1
user.com912,1
user.com913,1
user.com914,1
user.com915,1
user.com916,1
user.com917,1
user.com918,1
user.com919,1
user.com92,1
user.com920,1
user.com921,1
user.com922,1
user.com923,1
user.com924,1
user.com925,1
user.com926,1
user.com927,1
user.com928,1
user.com929,1
user.com93,1
user.com930,1
user.com931,1
user.com932,1
user.com933,1
user.com934,1
user.com935,1
user.com936,1
user.com937,1
user.com938,1
user.com939,1
user.com94,1
user.com940,1
user.com941,1
user.com942,1
user.com943,1
user.com944,1
user.com945,1
user.com946,1
user.com947,1
user.com948,1
user.com949,1
user.com95,1
user.com950,1
user.com951,1
user.com952,1
user.com953,1
user.com954,1
user.com955,1
user.com956,1
user.com957,1
user.com958,1
user.com959,1
user.com96,1
user.com960,1
user.com961,1
user.com962,1
user.com963,1
user.com964,1
user.com965,1
user.com966,1
user.com967,1
user.com968,1
user.com969,1
user.com97,1
user.com970,1
user.com971,1
user.com972,1
user.com973,1
user.com974,1
user.com975,1
user.com976,1
user.com977,1
user.com978,1
user.com979,1
user.com98,1
user.com980,1
user.com981,1
user.com982,1
user.com983,1
user.com984,1
user.com985,1
user.com986,1
user.com987,1
user.com988,1
user.com989,1
user.com99,1
user.com990,1
user.com991,1
user.com992,1
user.com993,1
user.com994,1
user.com995,1
user.com996,1
user.com997,1
user.com998,1
user.com999,1
user.lkjhg1,1
user.lkjhg10,1
user.lkjhg2,1
user.lkjhg3,1
user.lkjhg4,1
user.lkjhg5,1
user.lkjhg6,1
user.lkjhg7,1
user.lkjhg8,1
user.lkjhg9,1
user.re1,1
user.re2,1
user1.com,1
user10.com,1
user12.com,1
user2.com,1
userprofile.1,1
userprofile.2,1
userprofile.3,1
ustrust.com,6
utimco.org,1
uuer.com,1
uvimco.org,3
uw.edu.demo,1
v.com,1
vaegr.com,1
vancestreetcapital.com,1
varma.fi,8
verizon.net,1
vermontcf.org,2
vv.com,1
wambco.com,1
warrenequity.com,1
waycrosse.com,1
wealthspire.com,1
weissasset.com,1
weisstesting.com,9
wellesley.edu,4
westminister-school.org,1
wf.com,2
whoville.com,1
wiipro.com,3
willistowerswatson.com,1
wilmingtontrust.com,8
winezeus.com,1
wingedfootcapital.com,1
wipro.com,4
wo.com,2
workflow-e-trial.org,9
workflow.e-trail.org,4357
workflow.e-trial,1
workflow.e-trial.ogr,1
workflow.e-trial.org,1502
workflow.e.trail.org,1
worklfow.e-trial.org,1
wowway.com,1
wtwco.com,1
wylie.co.za,1
xyz.com,4
y-intercept.net,1
yahoo.ca,2
yahoo.co.uk,1
yahoo.com,193
yahoo.es,2
yahoo.in,1
yandex.com,1
yeaimold.com,1
yes.yes,1
ytr.com,1
zohomail.com,3
